id,width_m,length_m,height_m,base_thickness_m,fin_height_m,fin_thickness_m,fin_spacing_m,fin_pitch_m,fin_count,used_width_m,side_margin_m,deltaT_K,Rth_K_per_W,h_conv_W_m2K,h_rad_W_m2K,eta_fin,P_total_W,hs_n,power_split_1,power_split_2,P1_W,P2_W,src1_length0,src1_width0,src1_length,src1_width,src1_clength,src1_cwidth,src2_length0,src2_width0,src2_length,src2_width,src2_clength,src2_cwidth,ambient_C,g_x,g_y,g_z
994,0.178635184,0.168920725,0.069537381,0.019747947,0.049789433,0.002,0.014057744,0.016057744,12,0.178635184,0,109.1024886,0.297986305,8.685735216,6.233031242,0.965594488,366.13256,2,0.354319267,0.645680733,129.7278203,236.4047397,0.398373409,0.189998027,0.45,0.765454542,0.623373409,0.572725298,0.03788874,0.783162805,0.156565203,0.06506699,0.116171342,0.8156963,0.758060251,0,9.81,0
